period,log_a,b
0,-1.28878525677658,7.440126263837411
1,-1.7214617073315908,2.5964209200621906
2,-1.8412941254528827,4.981149025480119
3,-0.1294740499394157,-0.8533365152148897
4,3.921341374305384,0.0258324602703391
5,-0.8625345002643741,-0.400641009541455
6,3.3255712176144026,0.0419663492639076
7,-1.7783645152042764,-2.8357300458099592
8,-4.170408070189845,-0.8652061129991895
9,-0.5459903367554803,-1.197055045008117
10,-2.693284761824519,-2.5578300808696737
11,-2.0810629434415087,3.4728015095718883
12,-3.3325913595524725,0.8755392964179332
13,-4.077647368166248,1.4064026489410706
14,2.6253057396175894,-0.0006063243349994
15,-3.4516420183231222,0.3034241415791213
16,-1.4339121729479467,-2.816717720668382
17,-3.3378393607902748,-1.4239864553682056
18,1.0836240909397346,0.0003064259660934
19,1.4508341295012233,0.0123244213831578
20,2.8654498333546954,0.0501728707643198
21,0.0397008252016344,-0.077793118187925
22,2.874993142061497,0.0182329109686786
23,0.1241109449604994,-0.1519189946700324
24,3.213288657516513,0.0048148068656354
25,2.562372491481624,-0.0113637953611297
26,-2.3637581377211307,-4.451908212021028
27,-4.224464204601865,-0.4901845025820253
28,-1.6430284881295996,-3.2701121903853205
29,-3.780677012404305,-0.435323694143448
30,1.2179869845121072,0.0832905761877574
31,3.1688027417151474,0.005550714412975
32,-2.059051529174432,4.807190607043927
33,1.1777398466340538,0.0586169446696439
34,1.2568956257374475,0.0790833934569161
35,-1.2409162620826104,-4.1208317899653
36,-4.208080611446002,1.009874652854908
37,3.230376775262812,0.0268500318535003
38,-0.7716207914095076,1.1193985505170383
39,-1.583640133044972,-1.6041425058697043
40,2.43015555699478,0.025829552946689
41,3.166653185263481,0.0274019703684724
42,-3.6081282653969775,-1.012349417869249
43,0.748859181017899,0.4543080977264584
44,0.5773615187397358,0.2033853670689762
45,-2.297234414311614,-1.90648869044574
46,-1.6434960695177685,5.381308518028217
47,3.4429016099310297,0.0495821516457149
48,0.4460376839907902,0.124488113250831
49,3.541183012719734,0.0422273762997566
50,-2.775829734906904,3.080811150000628
51,2.252315270581624,-0.0265195260779991
52,-1.5465557435869737,2.9384724754473
53,-4.319045698493694,-1.5482257120728535
54,-4.176584720166581,-1.564524422612524
55,-4.750188970592684,0.5374810574565451
56,-3.957997837141269,-1.488183055370877
57,0.0221810073050526,-0.125669689056464
58,5.0,0.0149521793579427
59,2.678338219970563,0.0442947583209968
60,-2.170975671126924,4.229614110982252
61,1.9306990658333096,0.1306505964429701
62,2.3912740398321684,0.0918316542777676
63,0.1773323311584606,0.0587061336181251
64,-4.251518757573815,-0.845745282378279
65,-3.969839173344432,1.3884721489349905
66,0.6479052628057301,0.1528906044460098
67,1.9860628410164596,0.1431563688845585
68,0.7353312409920318,-0.0389676797659305
69,1.783663980804801,0.0231651070451491
70,-2.4692420108192024,3.0038031693222638
71,-4.266056165034997,-0.7883378066308047
72,-2.556024525135117,3.1085800136622623
73,1.719700842593646,0.1526388514253617
74,1.7050922609861616,0.0955097764254035
75,-0.2165302743614513,0.1553857295704367
76,3.5965981721275417,0.0309857826550499
77,2.677319745422083,0.0354940552121583
78,2.7910913599344336,0.0267491450616598
79,1.2501550413772051,0.0946416030998069
80,5.0,0.0119527883668958
81,-2.4996425683704,-4.228597468134039
82,1.317130435178505,0.1722653022305255
83,-3.171151361661753,-2.713328376026364
84,-2.1702964623322,4.575553178567979
85,2.2221962247353977,-0.0033866644474333
86,0.0559122878067156,0.017978649964533
87,1.1010286845767947,0.0734707483177924
88,0.8764759188186405,-0.0721757158868568
89,2.318838036414599,0.0643566800008557
90,1.8937306103927989,0.2084702934090638
91,2.8497929518288694,0.053720417262624
92,2.591520862209201,0.0082719866436189
93,-3.96745615987494,-0.0884121704772358
94,-0.0527154276668144,-0.6329670662323413
95,-2.391437329229677,-3.301470988426541
96,-3.022175228027573,2.9244544293861465
97,3.0749754799773217,0.0422746262950447
98,-1.747476649988358,-3.449646725799288
99,-3.041733323010629,0.2514516861272885
100,-4.121620513049895,0.6630421163906195
101,-3.735172638190369,0.0222292309907074
102,-0.4333811239312007,0.164805725714927
103,1.3219718404759448,0.3976124639620904
104,-2.5941386389958403,0.8150525850199577
105,-3.1929683990660176,-2.222604221033296
106,2.40391374091641,0.0268958498770099
107,-3.205944916962767,-2.278276296832761
108,-2.153078266764054,3.1522942282785698
109,-3.7397359920881152,-0.6296075815584421
110,-3.2920573455870343,0.1916462349057803
111,-3.879085668152399,0.0535428610868462
112,-2.507373349980496,-2.5656230800634297
113,0.2002615533388077,0.3499504117340778
114,-2.071620208885806,3.010933243178827
115,2.2571673954122105,0.120421037000198
116,-2.355598214617206,3.742883962527912
117,-0.2504842624812378,0.2694733754101792
118,2.659638026099779,0.0330536515718959
119,-4.76937896358048,-0.7937189124096451
120,0.9431434668398536,0.23238189562654
121,3.087650080380321,0.0487214647370883
122,1.9461588292152656,0.0434532766571113
123,-2.6400826149031147,-0.8626168754413444
124,5.0,0.0611719283309253
125,-2.1091936711492445,4.86434904723496
126,0.3465639552717088,0.1607402498999132
127,0.0877601794235966,0.1861780608021076
128,-2.440361745944953,-4.759477716146379
129,-1.796569084465941,2.1355574664347743
130,1.598986335613252,0.1598411738706383
131,0.1596719612795032,0.4024822262535936
132,1.1024939467218844,0.232942136421186
133,-4.026400315428966,2.311279886921161
134,1.88095654021629,0.0873848735622584
135,3.4204637473129864,0.0270288594485434
136,0.4690844365103479,0.0798520600647815
137,-3.774463732386135,1.170476067142884
138,-3.8286352719986056,0.4762502653783041
139,3.395859061948115,0.0905269072289012
140,-2.787115581893386,2.659139464892877
141,2.877812311512839,0.0527250178752168
142,-4.041721220784264,-0.3846927829093807
143,-1.2850337967823942,1.88434973976278
144,2.723590170092536,0.0803180273898923
145,-2.806865539172149,1.2100025267895056
146,-3.8225361154388366,-0.2049592634754913
147,1.74743214364054,0.007992771606037
148,2.740629912767736,0.1700836946316822
149,-2.633711177815344,-3.419232842141597
150,-3.585659504495706,-0.2793394182784252
151,-3.263632945078456,-0.0278702952212541
152,-2.650818007623679,1.113712790165
153,2.2751930176134696,0.0939822634527677
154,-0.3012150131456893,-0.1258941403863739
155,-0.1577992307228244,0.2070943067121068
156,1.361066464196933,0.1393083958749726
157,-2.721518699620217,-3.349764691980793
158,2.592589424123557,0.1417071565580218
159,1.993441093436921,0.0405212466426809
160,2.015838499702168,0.1238474992550534
161,-1.8950618008862783,6.011995339898212
162,1.5889295937138463,0.1030202312619285
163,1.7261076472284924,0.1489283010273396
164,0.1869635345934528,0.3240261855451646
165,-2.4565383339779228,-4.772838998502111
166,-1.008399166598551,-0.9810059816342293
167,1.077895983178257,0.0791350380641259
168,-3.253066987360834,-3.276442644142295
169,-3.9937797897246856,-2.466055358630433
170,-3.9749785575891945,1.6903943182007195
171,1.945391443112606,0.161198300494405
172,0.0510604534094946,-0.056327747754534
173,-3.8359422348614807,-2.510165278458851
174,-0.0811660783561648,0.1075432670141054
175,-4.874173821473193,0.2416523290538962
176,-2.434056027110364,-4.772742690429338
177,-3.378597204082591,1.151516911221811
178,1.253489980313114,0.0712732003439484
179,0.4479159173752386,0.4908787656055965
180,-1.5059625950885993,0.8527858225925506
181,2.169093622611472,0.1129286835300273
182,1.1294499813979448,0.2277786868222192
183,-2.410175399494172,1.6497673636787242
184,1.777454624844298,0.153306069714067
185,-3.903967767624344,1.7235033690892267
186,-3.5516586109216486,-1.7862055984597405
187,1.0407790808966877,0.0180566090012435
188,-2.72934302471173,0.5338598759100197
189,2.165519415799307,0.2107566309796147
190,1.8359725419799875,0.1165978536617691
191,-0.2253446224695769,0.0571168578282314
192,-5.0,0.5589813864643349
193,0.7922010827499845,0.151999760574853
194,2.4251321552970686,0.1958169684404425
195,-2.171999020842883,-4.312141416008659
196,-2.696508906390592,2.993716498409916
197,1.2791823699390483,0.0687851782602058
198,2.7595300530867166,0.0970040784335924
199,3.2600923627594285,0.0716793402824182
200,-0.2983039836442053,0.3878557853263
201,-4.139248702507124,0.1124214325923166
202,-2.815575288896781,-4.252938074483369
203,-2.266337614198787,-6.230790075459028
204,-4.000840620060599,0.7226246177366248
205,1.2416011226656076,0.1693241144690473
206,1.886830960722751,0.1775182454185548
207,1.9873139845793164,0.1664684004988871
208,-3.602930085181522,0.2027776879730297
209,-1.2753923604424957,1.9414121636748924
210,1.2931892885555698,0.2690755482607627
211,-1.7437786160061974,-4.714485353227524
212,-4.000267264238176,-1.2832876213002642
213,-3.7183129511739614,-2.107276220915133
214,-2.473007658660257,-4.359383850492072
215,0.6776314562965426,0.0462391504246177
216,2.1303879148927383,0.2340815775085379
