fund,theta
SPY,2.532956655582803
QQQ,0.4628650905907007
IWM,-0.0639610124343505
DIA,0.027212916002053167
ARKK,0.07799547972538545
VTI,1.1974517908855353
VOO,2.302856993477255
EWG,-0.26390617822450196
EWU,-0.2971620068445411
EWQ,-0.31458596766912694
EWI,-0.2635220971651365
EWP,-0.2566661316440017
EWL,-0.1721398424604747
EWN,-0.19150778720112593
EWD,-0.2164912801488062
EWK,-0.19416491797160396
EWJ,-0.16897311633466103
EWY,-0.17318170641586939
EWA,-0.16497244784994744
EWT,-0.1459780421411833
EWS,-0.17783386230838344
EWH,-0.19124788525187664
MCHI,-0.17606245409247934
EEM,-0.2794162613275508
EWZ,-0.21715324302884903
INDA,-0.18425600620759194
EWW,-0.18564751428150633
TUR,-0.17858768196837999
EZA,-0.22649291473901992
ECH,-0.19292125279338945
EPOL,-0.2523190385187501
XLK,0.2490642556942574
XLF,-0.11384831748407492
XLE,-0.15546706776243746
XLV,-0.10000721235477013
XLRE,-0.07030079300851831
SMH,-0.0383152325300079
XLU,-0.0747120579831991
XLI,-0.05022349584827
XLP,-0.09751212493642263
XLB,-0.15968647238876466
XLC,0.10599693504115923
GLD,-0.17910840806624334
SLV,-0.190880585858614
TLT,-0.1115853492179366
HYG,-0.13417532911040084
LQD,-0.1363392006649084
TIP,-0.14198245359735703
VNQ,-0.0958665099504764
IBIT,0.042761142786361256
