,name,region,type,beat,theta,irt_r,delta,cov
SPY,S&P 500,US,broad,0.5898617511520737,2.532956655582803,1.0,4.0,1.0
VOO,Vgd S&P500,US,broad,0.5904255319148937,2.302856993477255,2.0,2.0,0.8663594470046083
VTI,Total US,US,broad,0.6036866359447005,1.197451790885535,3.0,-1.0,1.0
QQQ,Nasdaq 100,US,tech,0.6129032258064516,0.4628650905907007,4.0,-3.0,1.0
XLK,Tech,US,sector,0.5944700460829493,0.2490642556942574,5.0,-2.0,1.0
XLC,Comm.Svcs,US,sector,0.5684210526315789,0.1059969350411592,6.0,2.0,0.4377880184331797
ARKK,ARK Innov.,US,growth,0.5362318840579711,0.0779954797253854,7.0,4.0,0.6359447004608295
IBIT,Bitcoin,Glb,crypto,0.5357142857142857,0.0427611427863612,8.0,4.0,0.1290322580645161
DIA,Dow Jones,US,broad,0.5576036866359447,0.0272129160020531,9.0,0.0,1.0
SMH,Semicons,US,sector,0.5806451612903226,-0.0383152325300079,10.0,-3.5,1.0
XLI,Industrials,US,sector,0.5806451612903226,-0.05022349584827,11.0,-4.5,1.0
IWM,Russell 2000,US,small,0.5253456221198156,-0.0639610124343505,12.0,1.0,1.0
XLRE,Real Est.,US,sector,0.4330708661417323,-0.0703007930085183,13.0,27.0,0.5852534562211982
XLU,Utilities,US,sector,0.5391705069124424,-0.0747120579831991,14.0,-4.0,1.0
VNQ,US REITs,US,reit,0.4838709677419355,-0.0958665099504764,15.0,6.0,1.0
XLP,Cons.Stpl,US,sector,0.4746543778801843,-0.0975121249364226,16.0,10.0,1.0
XLV,Healthcare,US,sector,0.4976958525345622,-0.1000072123547701,17.0,-1.0,1.0
TLT,Long Bonds,US,bond,0.4101382488479262,-0.1115853492179366,18.0,30.0,1.0
XLF,Financials,US,sector,0.5161290322580645,-0.1138483174840749,19.0,-5.0,1.0
HYG,High Yield,US,bond,0.4101382488479262,-0.1341753291104008,20.0,28.0,1.0
LQD,Inv.Grade,US,bond,0.4193548387096774,-0.1363392006649084,21.0,24.5,1.0
TIP,TIPS,US,bond,0.423963133640553,-0.141982453597357,22.0,21.5,1.0
EWT,Taiwan,Asia,country,0.4792626728110599,-0.1459780421411833,23.0,0.0,1.0
XLE,Energy,US,sector,0.456221198156682,-0.1554670677624374,24.0,11.0,1.0
XLB,Materials,US,sector,0.4930875576036866,-0.1596864723887646,25.0,-6.5,1.0
EWA,Australia,Asia,country,0.4792626728110599,-0.1649724478499474,26.0,-3.0,1.0
EWJ,Japan,Asia,country,0.4193548387096774,-0.168973116334661,27.0,18.5,1.0
EWL,Switz.,EU,country,0.4654377880184331,-0.1721398424604747,28.0,4.0,1.0
EWY,S. Korea,Asia,country,0.4423963133640553,-0.1731817064158693,29.0,7.5,1.0
MCHI,China,Asia,country,0.4088397790055249,-0.1760624540924793,30.0,20.0,0.8341013824884793
EWS,Singapore,Asia,country,0.4700460829493088,-0.1778338623083834,31.0,-2.0,1.0
TUR,Turkey,EM,country,0.4654377880184331,-0.1785876819683799,32.0,0.0,1.0
GLD,Gold,Glb,commodity,0.4331797235023041,-0.1791084080662433,33.0,6.0,1.0
INDA,India,EM,country,0.4327485380116959,-0.1842560062075919,34.0,7.0,0.7880184331797235
EWW,Mexico,EM,country,0.4930875576036866,-0.1856475142815063,35.0,-16.5,1.0
SLV,Silver,Glb,commodity,0.4654377880184331,-0.190880585858614,36.0,-4.0,1.0
EWH,Hong Kong,Asia,country,0.4423963133640553,-0.1912478852518766,37.0,-0.5,1.0
EWN,Neth.,EU,country,0.4792626728110599,-0.1915077872011259,38.0,-15.0,1.0
ECH,Chile,EM,country,0.4700460829493088,-0.1929212527933894,39.0,-10.0,1.0
EWK,Belgium,EU,country,0.4285714285714285,-0.1941649179716039,40.0,2.0,1.0
EWD,Sweden,EU,country,0.4746543778801843,-0.2164912801488062,41.0,-15.0,1.0
EWZ,Brazil,EM,country,0.4746543778801843,-0.217153243028849,42.0,-16.0,1.0
EZA,S. Africa,EM,country,0.488479262672811,-0.2264929147390199,43.0,-23.0,1.0
EPOL,Poland,EM,country,0.4345549738219895,-0.2523190385187501,44.0,-6.0,0.880184331797235
EWP,Spain,EU,country,0.4976958525345622,-0.2566661316440017,45.0,-29.0,1.0
EWI,Italy,EU,country,0.4976958525345622,-0.2635220971651365,46.0,-30.0,1.0
EWG,Germany,EU,country,0.4608294930875576,-0.2639061782245019,47.0,-13.0,1.0
EEM,EM Broad,EM,broad,0.4101382488479262,-0.2794162613275508,48.0,0.0,1.0
EWU,UK,EU,country,0.423963133640553,-0.2971620068445411,49.0,-5.5,1.0
EWQ,France,EU,country,0.4700460829493088,-0.3145859676691269,50.0,-21.0,1.0
