period,acwi_return,vix_avg,dispersion,credit_spread,is_crisis
2008-04,0.051332383658282854,21.562727321277965,0.03123816506680778,-0.015380731482054273,0
2008-05,0.011678217585460164,18.303333009992325,0.03479353514354635,-0.0020030414436736504,0
2008-06,-0.07279528523158668,22.11047617594401,0.0490775026268493,0.012428206878558064,0
2008-07,-0.02406208614779691,24.32136362249201,0.06722895114688598,-0.00261028175014335,0
2008-08,-0.005073841493060354,20.695714133126394,0.05048842388878066,0.009598293591712995,0
2008-09,-0.110512661551082,30.238571348644438,0.05424019036745908,-0.004059835547107524,1
2008-10,-0.1874096571374884,61.1773912181025,0.0758473354177447,0.12306517359919322,1
2008-11,-0.0823884830940189,62.639473362972865,0.07305650345187835,0.10358654219903665,1
2008-12,0.15209644425179475,52.405000166459516,0.07676763413250144,-0.07162553059926745,1
2009-01,-0.13281015873139093,44.68300018310547,0.07777062546126046,-0.000856613765186193,1
2009-02,-0.09585196973006246,45.57052592227333,0.056706037714826754,0.03005867351751705,1
2009-03,0.15679857019368415,44.7954548922452,0.08275846822378685,-0.0360838556676476,1
2009-04,0.1017242780942316,38.063809349423366,0.07427457959029303,-0.10734417162667306,0
2009-05,0.09866125335795627,31.97799997329712,0.06632239827213884,-0.009543600232214063,0
2009-06,-0.03726838853013951,29.140454725785688,0.03810386314093553,0.01962410142039389,0
2009-07,0.07951954152845642,26.16272735595703,0.04190307696079572,-0.01881306188664146,0
2009-08,0.005693494622990242,25.33714285350981,0.03967700987521049,0.04145336855925922,0
2009-09,0.07124086287661452,24.926666713896253,0.03858646230126699,-0.045305683415872156,0
2009-10,-0.0010079104665317608,24.252272865988992,0.025135339748676485,-0.016137624822856585,0
2009-11,0.04240445502622491,23.783499908447265,0.03232695616086387,0.012113141470606237,0
2009-12,-0.002737587171480979,21.239545475352894,0.044654683148251946,-0.04749378642547017,0
2010-01,-0.0720577378025919,20.643157758210833,0.04233300240759194,0.03314357495755572,0
2010-02,0.0031869664548106707,22.540000012046413,0.035266509287629054,-0.004274653367438404,0
2010-03,0.0486865857873969,17.767391287762187,0.03052032728439866,-0.015327788566518633,0
2010-04,-0.016315500251727014,17.42428566160656,0.03957853881386527,-0.004846738216832479,0
2010-05,-0.10448434948261529,31.929500007629393,0.05033406574864395,0.03327018579721316,1
2010-06,-0.022159449778786564,29.91636371612549,0.02999483346738845,0.017726329458722653,1
2010-07,0.08670370865034044,25.565237862723215,0.046636363095987475,-0.026553668261931552,1
2010-08,-0.06907980298249881,24.745908997275613,0.05130374541110407,0.0457711966719741,0
2010-09,0.06533544256598706,22.51761899675642,0.03595910213504676,-0.013326165634486234,0
2010-10,0.028210764141899637,20.3733332497733,0.026308680536369974,-0.01480620685953004,0
2010-11,-0.023167854845482352,20.095714387439546,0.054258572868680834,-0.004925207724778323,0
2010-12,0.050842133479273355,17.569545529105447,0.03202916282142267,-0.0238136846554652,0
2011-01,0.003180712469043439,17.31549987792969,0.049044711099275745,-0.019204947298587034,0
2011-02,0.010565887100869645,17.4299999036287,0.04157209743523889,-0.00022792243509465668,0
2011-03,0.005196399759650757,20.72347815140434,0.03846949021892444,-0.007384550124299529,0
2011-04,0.04022155970039966,16.244000005722047,0.04458124410603506,0.003026223713170014,0
2011-05,-0.018174392798796905,16.911428587777273,0.030639963130833024,0.008493698102891585,0
2011-06,0.005452943627978059,19.15318202972412,0.020835828789611155,-0.013016395268196347,0
2011-07,-0.03578710206427675,19.22749991416931,0.05127095552780326,0.025999143959573263,0
2011-08,-0.06526832559428199,35.02913035517154,0.05375403434785924,0.029883536249444054,1
2011-09,-0.09820191563793029,36.52999977838425,0.07371275877812096,0.055164301943188825,1
2011-10,0.14605270543984308,32.82904770260765,0.06803323619196285,-0.07496209206305018,1
2011-11,0.01941728969282073,31.941904703776043,0.023386597499547922,-0.029849538125436535,0
2011-12,-0.006271832896257668,25.047619047619047,0.03966091817469163,-0.008449727242279402,0
2012-01,0.03489986145078015,20.227999877929687,0.03585195112698106,0.010888876169229386,0
2012-02,0.036181979323587445,18.420499992370605,0.024809239590211318,-0.006836771874311316,0
2012-03,0.003614597316972173,16.16727287119085,0.035911076803500384,-0.0006521821659896364,0
2012-04,-0.021598045734826453,17.822999906539916,0.029776555929008453,-0.0014089829182474412,0
2012-05,-0.09724890402813206,21.001818136735395,0.05153237233492261,0.04243744039336009,0
2012-06,0.07771021868637955,21.130952290126256,0.048773109038062694,-0.05318448064773543,0
2012-07,0.0022658278518751978,17.565238180614653,0.025884640766642028,0.020231718449174537,0
2012-08,0.02897226232735194,15.689565119536027,0.03671332047047594,-0.006401986101707046,0
2012-09,0.03000225819538118,15.284736834074321,0.02942473355901233,0.008170604150595687,0
2012-10,-0.010438717540847133,16.276190576099214,0.027793563425491875,0.0006179865391971115,0
2012-11,0.0025492710659803654,16.70190484183175,0.020309709950792378,-0.008368778483914534,0
2012-12,0.03056992225759384,17.306999826431273,0.03778486004860455,-0.013310752727036822,0
2013-01,0.017332887379603586,13.505238124302455,0.03089556845745554,-0.009312407303850197,0
2013-02,-0.00993244475468186,14.07263163516396,0.03645016659322241,0.007399697546013966,0
2013-03,0.01723775194880597,13.031500005722046,0.028986021605896563,-0.009467230385277345,0
2013-04,0.03592699199302049,13.967272715135055,0.04266074112890212,0.003852201456104848,0
2013-05,0.004249658402104364,13.493636304681951,0.04619558188175186,-0.012515094398733911,0
2013-06,-0.02956336337623036,17.271499919891358,0.03634545218879455,-0.014099301058761993,0
2013-07,0.03914948871621292,13.97454565221613,0.037660672933423255,-0.014542875761295643,0
2013-08,-0.036401202217877716,14.209999908100475,0.047436535214173556,0.001241454669145593,0
2013-09,0.04496130664082503,14.692000102996825,0.04163838765873084,-0.0017605618253047507,0
2013-10,0.031088878029312053,15.407826050468113,0.020433379078071797,-0.0016493094511823188,0
2013-11,0.015703159500757066,12.923999977111816,0.03060054942353908,-0.005155357093611467,0
2013-12,0.026644271721081948,14.192380905151367,0.02971395232591693,0.0031814463252837163,0
2014-01,-0.032570172848754395,14.240952400934129,0.035170585338055296,0.014611656565589454,0
2014-02,0.07493499671605967,15.470000116448654,0.029099246268525225,-0.0211912799866096,0
2014-03,0.019642198615269852,14.836666742960611,0.042788660756331816,-0.003005365264282215,0
2014-04,0.004610683451517597,14.198095321655273,0.023516023431449415,0.013482402775135557,0
2014-05,0.02057837391649628,12.475238028026762,0.020365885109256795,-0.002206028160792149,0
2014-06,0.01648811246787088,11.541428565979004,0.026653992539932076,-0.003678858327013203,0
2014-07,-0.021903669643567342,12.296363613822244,0.032777050635758954,0.025251486164771336,0
2014-08,0.030097903245753635,13.497142927987236,0.027054216698311883,-0.009090439652574804,0
2014-09,-0.03252276224547207,13.466666630336217,0.039003818829562484,0.008859430982864316,0
2014-10,0.025460040920285653,18.01608711740245,0.0378900278457655,-0.003252402920018033,0
2014-11,0.018025648349279954,13.41315786462081,0.03226293871410318,0.02400451440018843,0
2014-12,-0.01739784167797008,16.3118182962591,0.03231892360916546,0.0012512871215618225,0
2015-01,-0.010794937257856099,19.119499969482423,0.03739386224336946,0.026849225422038252,0
2015-02,0.041552634603324735,15.904210492184287,0.04056667414000041,-0.03352261396059325,0
2015-03,-0.01847938665752081,14.812727277929133,0.024112065237399928,0.020006501184736344,0
2015-04,0.02558160832579476,13.494761875697545,0.04093699627895706,-0.021342716973891014,0
2015-05,-0.008988665127008143,13.3385000705719,0.031188872380234888,-0.007038839514154586,0
2015-06,-0.025151903136950524,14.33954551003196,0.022227927178432767,0.007214527571001222,0
2015-07,0.002173662236166277,14.35272723978216,0.041162947349491365,0.016653486889779648,0
2015-08,-0.06510476897860432,19.42809536343529,0.03163575098666855,0.0028081656882146463,1
2015-09,-0.0016659072306196296,24.3771428607759,0.027791740525938295,0.032563577756489846,1
2015-10,0.07417699512619907,16.789545449343596,0.03215782512224452,-0.03301283415625399,1
2015-11,-0.016516366311730122,16.209999990463256,0.03249664884240618,0.030742296720534485,1
2015-12,-0.03062394111070715,18.02545473792336,0.027890317196815513,0.008653689528713551,1
2016-01,-0.03592943174175825,23.717894805105107,0.04181357131812299,0.011867423262930651,1
2016-02,-0.01061395881165216,22.516999816894533,0.032405946139922565,-0.007287196001274794,1
2016-03,0.04824255957331803,15.849090966311367,0.03873828897469642,0.032309264222840035,0
2016-04,0.01410207070875814,14.300476255871,0.04330722145858451,-0.018195983296087882,0
2016-05,-0.0027990762886544594,14.852857044764928,0.040828328338416195,-0.005155782634027514,0
2016-06,-0.001897651197168696,17.774545496160332,0.051526892049385715,0.013898267920549445,0
2016-07,0.035492436089962644,13.158500051498413,0.03012202089814666,-0.0034888134771415306,0
2016-08,0.006705726874112356,12.399565240611201,0.030971349585659416,-0.01794829070723332,0
2016-09,0.005786318637285128,14.219523793175107,0.022061045267177223,-0.011941943574618656,0
2016-10,-0.017124450631014986,14.58523804800851,0.03371439565304957,-0.003274109042964799,0
2016-11,0.01666367910978828,15.236190387180873,0.059094755987583375,-0.0345568951237857,0
2016-12,0.024520617257074478,12.472380956013998,0.03472097811636798,-0.009102139982661126,0
2017-01,0.021130352039901823,11.608500003814697,0.03012135958788349,-0.004351026044136137,0
2017-02,0.024622580327841124,11.530526361967388,0.019933454332841813,0.002886290248592445,0
2017-03,0.001107915837303228,11.897826111834982,0.030654794027505684,0.008077105209013736,0
2017-04,0.016284580054842356,13.136315847698011,0.028371298269074516,-0.001333757031190443,0
2017-05,0.01939504561770602,10.862272782759232,0.030011211149070193,0.006686232746577888,0
2017-06,-0.000345296045817872,10.513636328957297,0.02255075985700175,0.006166307970725397,0
2017-07,0.026078836926900155,10.264499998092651,0.026598259332705296,-0.0008458754389979485,0
2017-08,0.0007407814525858816,11.97565215566884,0.03127002239000909,0.003473465970794268,0
2017-09,0.016393527032628294,10.437999963760376,0.03559263528549347,-0.0015048237140646119,0
2017-10,0.020319384499492273,10.125454512509434,0.029553620634835735,-0.00036548727797804624,0
2017-11,0.018460598876311924,10.540476163228353,0.03467115001929486,-8.340435445023222e-05,0
2017-12,0.01705597082999073,10.264500045776368,0.03583606176101885,0.006306495557827828,0
2018-01,0.04713498114443744,11.062381017775763,0.03162297250433375,-0.005173075275800687,0
2018-02,-0.044123401041171136,22.464736637316253,0.025856773560421924,-0.011234369711703345,0
2018-03,-0.002504150840262901,19.023809750874836,0.02212519327413497,0.002263074484762471,0
2018-04,0.02462268940693951,18.26761904216948,0.032833383635830785,-0.023840850652581607,0
2018-05,0.0058404975197115325,14.124545487490566,0.04873738733747778,0.008176049401657302,0
2018-06,-0.01605614971155663,13.678095318022228,0.03439889269189869,-0.0016680602944071162,0
2018-07,0.03370435192115992,13.147619065784273,0.0378344324934438,-0.002499780267689742,0
2018-08,0.00916090283739399,12.546956518422002,0.05323422808383637,-0.002436082531898318,0
2018-09,0.01171659146498509,12.910526325828151,0.03836816546434037,-0.006905650422109739,0
2018-10,-0.07694388908154715,19.352173639380414,0.05685907874198791,0.003456026727127113,1
2018-11,0.0018653450030459615,19.389047622680664,0.03046572029636045,0.0019437559343001634,1
2018-12,-0.08390836728587112,24.953157726087067,0.04800864561538209,0.042440730373414365,1
2019-01,0.08076084975688823,19.57238079252697,0.03904512902504013,-0.02038523523339956,0
2019-02,0.025852233470760405,15.234736844112998,0.02932276071830468,-0.012291316930214307,0
2019-03,0.010362546394011083,14.485238075256348,0.030222453947109918,0.021045121454802758,0
2019-04,0.021771936294815535,12.949047588166737,0.025461235413769115,-0.0019897803634283204,0
2019-05,-0.05424365071441204,16.721818056973543,0.04354048978655271,0.032939123479547056,0
2019-06,0.06293253894846329,15.835999870300293,0.034204896961527405,-0.0005892465903822239,0
2019-07,-0.0071342015142679994,13.30590907010165,0.03138929157063041,-0.0006228946057375751,0
2019-08,-0.014078621178690074,18.979090907356955,0.03731115265275155,0.02308600536506932,0
2019-09,0.028018008911795105,15.558999872207641,0.03166763553701763,-0.013903194358534529,0
2019-10,0.03936887775120396,15.466521760691768,0.03056681210465973,0.0011067284677513797,0
2019-11,0.013065189742230634,12.523499965667725,0.03747612120479277,0.0023822059424679306,0
2019-12,0.04113291479365881,13.756666637602306,0.02756179084495487,-0.010151291126696943,0
2020-01,-0.02447871267839856,13.94095243726458,0.04368917129097922,0.031135444251306373,0
2020-02,-0.08112904866279166,19.628947358382376,0.04488049201213816,0.024446598670647718,1
2020-03,-0.16182171850040097,57.7368184002963,0.08587647434311584,0.04486967082337197,1
2020-04,0.15108909762507844,41.45380964733305,0.07042957861464437,-0.014524034843589703,1
2020-05,0.07936044715292118,30.89700002670288,0.04823184021394595,-0.018860857543213417,0
2020-06,0.01645711460765071,31.11954550309615,0.031601292595784286,0.035023785878458696,0
2020-07,0.045779061874124984,26.840454621748492,0.055424359948594897,-0.02039911865544929,0
2020-08,0.04917848376508983,22.88952382405599,0.04475335450240367,-0.018627296107918852,0
2020-09,-0.037804261418063735,27.647619065784273,0.03561206202490591,0.004030302811495067,0
2020-10,-0.029558186030566234,29.438636086203836,0.0357577045104394,-0.008460901342371846,0
2020-11,0.10544329563949906,24.995500087738037,0.07604322804761815,0.0026080433872903014,0
2020-12,0.03221636992277119,22.374090974981133,0.033751118992571126,-0.011647992832683867,0
2021-01,0.0024385045180551892,24.90999984741211,0.033330223641861854,-0.011594198934345185,0
2021-02,0.005762212115757453,23.140526219418174,0.049470530020630635,-0.0189211491873819,0
2021-03,0.005388967883905661,21.843043534652047,0.04821282063052168,-0.01666082406071508,0
2021-04,0.029048764048108685,17.416190556117467,0.03061901252386938,-0.00011489340329003724,0
2021-05,0.010745236577863197,19.7604998588562,0.03412726695614769,0.0038108987450527474,0
2021-06,0.009299585866734253,16.956818147139117,0.04333924126125196,0.011771002309793561,0
2021-07,0.004920905016849237,17.60333351861863,0.03664054262883051,0.015985474150995816,0
2021-08,0.021241116686763945,17.47772723978216,0.02736584134244994,-0.014903327898643086,0
2021-09,-0.046200899778378386,19.8247617994036,0.03535425054797458,-0.011790199273844656,0
2021-10,0.045156682554826626,17.869047573634557,0.036964704199835864,0.0035468804924780467,0
2021-11,-0.02796674113047594,18.500476246788388,0.04728214083580138,0.011230288718583026,0
2021-12,0.05051928981140614,21.354545506564055,0.037377608918784375,-0.023182075152937916,0
2022-01,-0.05049839404482145,23.18100004196167,0.06382163354078725,0.0005506025513649614,1
2022-02,-0.03803434078131052,25.74842111687911,0.042992019429559374,-0.010427799646046369,1
2022-03,0.03699858728831651,26.968695682028066,0.050638112282163444,-0.02214318990602627,1
2022-04,-0.08662750044430523,24.37350015640259,0.053860892518609704,-0.02838072393693624,1
2022-05,0.0011953188532159652,29.445714587257022,0.050256719984579465,0.008479199390100858,1
2022-06,-0.07423698436410181,28.100000018165225,0.049055003217518676,0.036474328137451995,1
2022-07,0.06320997778287105,24.86850004196167,0.0508352794678309,-0.02549941547576212,1
2022-08,-0.04054508469492357,22.169565366662066,0.04639445741388041,-0.0027931832930267186,1
2022-09,-0.09172597421116542,27.406190418061755,0.03934982432130202,-0.014163274867641663,1
2022-10,0.03878010354739057,30.005714416503906,0.06486806214702964,-0.045766710347193915,1
2022-11,0.08231753177274087,23.436190650576638,0.06460898350074223,0.030730003574769054,0
2022-12,-0.047481261127433,21.784285681588308,0.04272784164040401,-0.006483310098264472,0
2023-01,0.07479388217972177,20.202999973297118,0.0628321776120663,0.009664219893613768,0
2023-02,-0.04295954740889076,20.06210537960655,0.036816157647124,-0.022269532100020802,0
2023-03,0.031105202426399272,21.644347895746645,0.045211737723921404,0.022256940132198092,0
2023-04,0.009815700258897693,17.8178946344476,0.032114525019792006,-0.002794264724462908,0
2023-05,-0.009192032203089267,17.64409099925648,0.05595702645885964,0.006188479414960554,0
2023-06,0.045405940485789796,13.994285628909157,0.03364390397416452,-0.006706436187656548,0
2023-07,0.033482262095019956,13.943999910354615,0.03310116348117778,-0.009394677164374763,0
2023-08,-0.022289680959695135,15.853912975477135,0.036513623460777835,-0.009170431158988853,0
2023-09,-0.04546838408554293,15.241000032424926,0.02516255162757394,-0.010675339701088218,0
2023-10,-0.02109619419023627,18.887727303938433,0.045237984112047706,-0.010705637330818656,0
2023-11,0.07809055882728598,14.077142897106352,0.04769636570026714,0.0215927995371342,0
2023-12,0.040379952864809755,12.718499994277954,0.0338352743605374,0.012824072880663749,0
2024-01,0.011397353832170411,13.395238149733771,0.043221499116074556,-0.002172888638456276,0
2024-02,0.032229884404442875,13.944000101089477,0.068562933396357,-0.02413791220528744,0
2024-03,0.02275254097602729,13.787499904632568,0.031470063295754795,0.0021398011991097254,0
2024-04,-0.033221077869320104,16.137727087194268,0.041141357225147994,-0.013598057056177853,0
2024-05,0.04851796264147113,13.090454535050826,0.04213017221389342,0.006892604087943566,0
2024-06,0.01836119364346279,12.676842037000155,0.040046399607170165,-0.0026208958376382143,0
2024-07,0.013677961622431442,14.470000050284646,0.0330392593641064,0.008791405773646416,0
2024-08,0.04353254647916658,19.31227272207087,0.035985376862497066,-0.0023631549776695036,0
2024-09,0.041920834355322865,17.768999814987183,0.04629403372383488,-0.004033538097894283,0
2024-10,-0.014647633810076853,19.96086958180303,0.03632620306368702,-0.027284801968229695,0
2024-11,0.036340388769818925,16.121000051498413,0.07740915998342277,0.007135028153350612,0
2024-12,-0.028656263013515943,15.866190592447916,0.026782726903299057,-0.020842193591720615,0
2025-01,0.033427148447123425,16.74600019454956,0.03578011538186686,-0.005452680575759952,0
2025-02,0.005157739428637497,17.052105351498252,0.0491222434314882,0.011123659320775364,0
2025-03,-0.026432425404836184,21.841428756713867,0.043673818064216614,0.0010354159481276177,0
2025-04,0.001626673703611379,31.966190701439267,0.04249878096851694,-0.005114176745362426,0
2025-05,0.053057481073522546,20.457142784481956,0.03389640025744982,-0.010621178198901895,0
2025-06,0.04032447257982934,18.21500015258789,0.0443925745414785,0.005157572663130688,0
2025-07,0.011125835698159498,16.331363461234353,0.034832894104176636,-0.004722734724219383,0
2025-08,0.03990019597934944,15.749999954586936,0.030155589402145373,-0.009451646342102665,0
2025-09,0.04332083201332359,15.773333458673386,0.0421331667868781,0.01224024315887733,0
2025-10,0.017777446891672172,18.086521770643152,0.038146405455311755,-0.000534793216900799,0
2025-11,-0.0017640086409378387,19.904210642764443,0.04742695431688679,0.0014264979492399112,0
2025-12,0.013441750719504385,15.548181880604137,0.040129936144763234,-0.00876516274662691,0
2026-01,0.021124250058228412,16.04599995613098,0.054209744501397976,-0.0018565121913155453,0
2026-02,0.007313289194678833,19.23947384482936,0.0643938562732668,0.015338349510966685,0
2026-03,-0.05581718024039438,25.59681831706654,0.04022162037480976,-0.008431290026855935,0
2026-04,0.08498600467388503,19.811904907226562,0.06895440714942791,-0.010976676720426681,0
