sparsity,rho_avg,rho_irt_1pl,advantage,irt_wins,procedure,reference_ranking
0.0,0.573413,0.576848,0.003436,True,offline_refit: src/reproduce_from_derived.py --stress-refit (1PL Rasch; 2 masking seeds 42-43; vectorized mask; L-BFGS-B maxiter=200),full-data 2PL theta from data/canonical_theta.csv (IRT estimate; not external ground truth)
0.1,0.578875,0.583529,0.004654,True,offline_refit: src/reproduce_from_derived.py --stress-refit (1PL Rasch; 2 masking seeds 42-43; vectorized mask; L-BFGS-B maxiter=200),full-data 2PL theta from data/canonical_theta.csv (IRT estimate; not external ground truth)
0.2,0.593515,0.604754,0.011239,True,offline_refit: src/reproduce_from_derived.py --stress-refit (1PL Rasch; 2 masking seeds 42-43; vectorized mask; L-BFGS-B maxiter=200),full-data 2PL theta from data/canonical_theta.csv (IRT estimate; not external ground truth)
0.3,0.567618,0.582041,0.014423,True,offline_refit: src/reproduce_from_derived.py --stress-refit (1PL Rasch; 2 masking seeds 42-43; vectorized mask; L-BFGS-B maxiter=200),full-data 2PL theta from data/canonical_theta.csv (IRT estimate; not external ground truth)
0.4,0.516736,0.529172,0.012435,True,offline_refit: src/reproduce_from_derived.py --stress-refit (1PL Rasch; 2 masking seeds 42-43; vectorized mask; L-BFGS-B maxiter=200),full-data 2PL theta from data/canonical_theta.csv (IRT estimate; not external ground truth)
0.5,0.527552,0.52509,-0.002462,False,offline_refit: src/reproduce_from_derived.py --stress-refit (1PL Rasch; 2 masking seeds 42-43; vectorized mask; L-BFGS-B maxiter=200),full-data 2PL theta from data/canonical_theta.csv (IRT estimate; not external ground truth)
0.6,0.492764,0.499976,0.007212,True,offline_refit: src/reproduce_from_derived.py --stress-refit (1PL Rasch; 2 masking seeds 42-43; vectorized mask; L-BFGS-B maxiter=200),full-data 2PL theta from data/canonical_theta.csv (IRT estimate; not external ground truth)
0.7,0.502894,0.500792,-0.002101,False,offline_refit: src/reproduce_from_derived.py --stress-refit (1PL Rasch; 2 masking seeds 42-43; vectorized mask; L-BFGS-B maxiter=200),full-data 2PL theta from data/canonical_theta.csv (IRT estimate; not external ground truth)
0.8,0.470989,0.454262,-0.016727,False,offline_refit: src/reproduce_from_derived.py --stress-refit (1PL Rasch; 2 masking seeds 42-43; vectorized mask; L-BFGS-B maxiter=200),full-data 2PL theta from data/canonical_theta.csv (IRT estimate; not external ground truth)
0.9,0.352672,0.311453,-0.04122,False,offline_refit: src/reproduce_from_derived.py --stress-refit (1PL Rasch; 2 masking seeds 42-43; vectorized mask; L-BFGS-B maxiter=200),full-data 2PL theta from data/canonical_theta.csv (IRT estimate; not external ground truth)
