,name,region,type,beat,avg_r,theta,irt_r,delta,cov
SPY,S&P 500,US,broad,0.5898617511520737,5.0,2.532956655582803,1.0,4.0,1.0
VOO,Vgd S&P500,US,broad,0.5904255319148937,4.0,2.302856993477255,2.0,2.0,0.8663594470046083
VTI,Total US,US,broad,0.6036866359447005,2.0,1.1974517908855353,3.0,-1.0,1.0
QQQ,Nasdaq 100,US,tech,0.6129032258064516,1.0,0.4628650905907007,4.0,-3.0,1.0
XLK,Tech,US,sector,0.5944700460829493,3.0,0.2490642556942574,5.0,-2.0,1.0
XLC,Comm.Svcs,US,sector,0.5684210526315789,8.0,0.10599693504115923,6.0,2.0,0.4377880184331797
ARKK,ARK Innov.,US,growth,0.5362318840579711,11.0,0.07799547972538545,7.0,4.0,0.6359447004608295
IBIT,Bitcoin,Glb,crypto,0.5357142857142857,12.0,0.042761142786361256,8.0,4.0,0.12903225806451613
DIA,Dow Jones,US,broad,0.5576036866359447,9.0,0.027212916002053167,9.0,0.0,1.0
SMH,Semicons,US,sector,0.5806451612903226,6.5,-0.0383152325300079,10.0,-3.5,1.0
XLI,Industrials,US,sector,0.5806451612903226,6.5,-0.05022349584827,11.0,-4.5,1.0
IWM,Russell 2000,US,small,0.5253456221198156,13.0,-0.0639610124343505,12.0,1.0,1.0
XLRE,Real Est.,US,sector,0.4330708661417323,40.0,-0.07030079300851831,13.0,27.0,0.5852534562211982
XLU,Utilities,US,sector,0.5391705069124424,10.0,-0.0747120579831991,14.0,-4.0,1.0
VNQ,US REITs,US,reit,0.4838709677419355,21.0,-0.0958665099504764,15.0,6.0,1.0
XLP,Cons.Stpl,US,sector,0.47465437788018433,26.0,-0.09751212493642263,16.0,10.0,1.0
XLV,Healthcare,US,sector,0.4976958525345622,16.0,-0.10000721235477013,17.0,-1.0,1.0
TLT,Long Bonds,US,bond,0.41013824884792627,48.0,-0.1115853492179366,18.0,30.0,1.0
XLF,Financials,US,sector,0.5161290322580645,14.0,-0.11384831748407492,19.0,-5.0,1.0
HYG,High Yield,US,bond,0.41013824884792627,48.0,-0.13417532911040084,20.0,28.0,1.0
LQD,Inv.Grade,US,bond,0.41935483870967744,45.5,-0.1363392006649084,21.0,24.5,1.0
TIP,TIPS,US,bond,0.423963133640553,43.5,-0.14198245359735703,22.0,21.5,1.0
EWT,Taiwan,Asia,country,0.4792626728110599,23.0,-0.1459780421411833,23.0,0.0,1.0
XLE,Energy,US,sector,0.45622119815668205,35.0,-0.15546706776243746,24.0,11.0,1.0
XLB,Materials,US,sector,0.4930875576036866,18.5,-0.15968647238876466,25.0,-6.5,1.0
EWA,Australia,Asia,country,0.4792626728110599,23.0,-0.16497244784994744,26.0,-3.0,1.0
EWJ,Japan,Asia,country,0.41935483870967744,45.5,-0.16897311633466103,27.0,18.5,1.0
EWL,Switz.,EU,country,0.46543778801843316,32.0,-0.1721398424604747,28.0,4.0,1.0
EWY,S. Korea,Asia,country,0.4423963133640553,36.5,-0.17318170641586939,29.0,7.5,1.0
MCHI,China,Asia,country,0.4088397790055249,50.0,-0.17606245409247934,30.0,20.0,0.8341013824884793
EWS,Singapore,Asia,country,0.4700460829493088,29.0,-0.17783386230838344,31.0,-2.0,1.0
TUR,Turkey,EM,country,0.46543778801843316,32.0,-0.17858768196837999,32.0,0.0,1.0
GLD,Gold,Glb,commodity,0.43317972350230416,39.0,-0.17910840806624334,33.0,6.0,1.0
INDA,India,EM,country,0.4327485380116959,41.0,-0.18425600620759194,34.0,7.0,0.7880184331797235
EWW,Mexico,EM,country,0.4930875576036866,18.5,-0.18564751428150633,35.0,-16.5,1.0
SLV,Silver,Glb,commodity,0.46543778801843316,32.0,-0.190880585858614,36.0,-4.0,1.0
EWH,Hong Kong,Asia,country,0.4423963133640553,36.5,-0.19124788525187664,37.0,-0.5,1.0
EWN,Neth.,EU,country,0.4792626728110599,23.0,-0.19150778720112593,38.0,-15.0,1.0
ECH,Chile,EM,country,0.4700460829493088,29.0,-0.19292125279338945,39.0,-10.0,1.0
EWK,Belgium,EU,country,0.42857142857142855,42.0,-0.19416491797160396,40.0,2.0,1.0
EWD,Sweden,EU,country,0.47465437788018433,26.0,-0.2164912801488062,41.0,-15.0,1.0
EWZ,Brazil,EM,country,0.47465437788018433,26.0,-0.21715324302884903,42.0,-16.0,1.0
EZA,S. Africa,EM,country,0.48847926267281105,20.0,-0.22649291473901992,43.0,-23.0,1.0
EPOL,Poland,EM,country,0.43455497382198954,38.0,-0.2523190385187501,44.0,-6.0,0.880184331797235
EWP,Spain,EU,country,0.4976958525345622,16.0,-0.2566661316440017,45.0,-29.0,1.0
EWI,Italy,EU,country,0.4976958525345622,16.0,-0.2635220971651365,46.0,-30.0,1.0
EWG,Germany,EU,country,0.4608294930875576,34.0,-0.26390617822450196,47.0,-13.0,1.0
EEM,EM Broad,EM,broad,0.41013824884792627,48.0,-0.2794162613275508,48.0,0.0,1.0
EWU,UK,EU,country,0.423963133640553,43.5,-0.2971620068445411,49.0,-5.5,1.0
EWQ,France,EU,country,0.4700460829493088,29.0,-0.31458596766912694,50.0,-21.0,1.0
